age,name,CCT2,CCT5,CCT6A,CCT7,CCT8,pink,Parkin,Atg1,Atg8,FOXO3,SIRT1,PARP1,PARP2,NADSYN,MRPS5,UBL5,SOD3,TERT,TERC,RTEL1,GAPDH
70,W0-張水玉,24.67973709,22.7508812,23.16198158,22.93504715,22.1853199,24.93000031,34.27362442,28.56069946,32.29293442,25.95116615,25.22394371,24.16130066,26.19317055,22.41003036,27.97859955,22.19818687,29.07957077,23.98595619,25.48593521,25.36781693,20.26887703
,W0-張水玉,24.57351494,22.78372955,23.31199074,23.03775215,22.14061356,24.89896774,34.76229858,28.14608955,31.47528267,25.79206657,25.15304375,23.40956688,25.85944557,22.20699692,27.09923935,22.18161201,29.15342712,23.97602463,25.56694031,25.20176506,20.22299767
,W0-張水玉,24.96961975,22.80965233,23.39906883,22.93484497,22.16170311,24.80665016,34.66915894,28.11832428,32.2182579,25.47808456,25.19736481,23.26631927,26.15015221,22.40430641,26.37839699,22.07891464,29.09152794,23.67389297,25.6874485,25.31183434,20.13255882
